<?xml version="1.0" encoding="utf-8"?>
<Resources>
  <ResourceClass name="Notification">
    <Languages>
      <Language cultureName="en">
        <data name="AttentionDefaultSettings" xml:space="preserve">
          <value>Attention! Default SMTP settings are present.</value>
        </data>
        <data name="AttentionDetails" xml:space="default">
          <value>
            <p>
              The value <i>
                <strong>mail.sn.hu</strong>
              </i> for SMTP host name found in the configuration file (Web.config). This is the default address of the SMTP server used by several portlets and controls. You should consider to change it to the address of your SMTP host.
            </p>
            <p>
              <strong>More about how to configure SMTP settings: </strong>
              <a href="http://wiki.sensenet.com/index.php?title=How_to_configure_SMTP_settings" title="How to configure SMTP settings - Sense/Net Wiki">http://wiki.sensenet.com/index.php?title=How_to_configure_SMTP_settings</a>
            </p>
          </value>
        </data>
        <data name="Edit" xml:space="preserve">
          <value>Edit</value>
        </data>
        <data name="Delete" xml:space="preserve">
          <value>Delete</value>
        </data>
        <data name="Activate" xml:space="preserve">
          <value>Activate</value>
        </data>
        <data name="Deactivate" xml:space="preserve">
          <value>Deactivate</value>
        </data>
        <data name="EditPortletTitle" xml:space="preserve">
          <value>Edit notification for {0}</value>
        </data>
        <data name="ListPortletTitle" xml:space="preserve">
          <value>Notification list</value>
        </data>
        <data name="MissingEmailAddressError" xml:space="preserve">
          <value>Please set your email address in your profile page</value>
        </data>
        <data name="NoSubscriptions" xml:space="preserve">
          <value>There are no subscriptions for you in the system yet.</value>
        </data>
        <data name="ContentName" xml:space="preserve">
          <value>Content Name</value>
        </data>
        <data name="ContentPath" xml:space="preserve">
          <value>Content Path</value>
        </data>
        <data name="Frequency" xml:space="preserve">
          <value>Frequency</value>
        </data>
        <data name="Actions" xml:space="preserve">
          <value>Actions</value>
        </data>
        <data name="NotEnoughPermissions" xml:space="preserve">
          <value>You do not have enough permissions to edit notifications for this user</value>
        </data>
      </Language>
      <Language cultureName="hu">
        <data name="AttentionDefaultSettings" xml:space="preserve">
          <value>Figyelem! Az alapértelmezett SMTP beállítások vannak érvényben.</value>
        </data>
        <data name="AttentionDetails" xml:space="preserve">
          <value>
            <p>A következő érték: <i><strong>mail.sn.hu</strong></i> van beállítva az SMTP kiszolgáló címének a konfigurációs állományban (Web.config). Ez az alapértelmezett cím amelyet néhány Portlet és Control is használ levelek küldéséhez. Amennyiben nem ez az Ön SMTP kiszolgálójának a címe, kérjük változtassa ezt meg.</p>
            <p><strong>Ennek a beállításáról a következő linken talál bővebb információt: </strong><a href="http://wiki.sensenet.com/index.php?title=How_to_configure_SMTP_settings" title="How to configure SMTP settings - Sense/Net Wiki">http://wiki.sensenet.com/index.php?title=How_to_configure_SMTP_settings</a></p>
          </value>
        </data>
        <data name="Edit" xml:space="preserve">
          <value>Szerkesztés</value>
        </data>
        <data name="Delete" xml:space="preserve">
          <value>Törlés</value>
        </data>
        <data name="Activate" xml:space="preserve">
          <value>Aktiválás</value>
        </data>
        <data name="Deactivate" xml:space="preserve">
          <value>Deaktiválás</value>
        </data>
        <data name="EditPortletTitle" xml:space="preserve">
          <value>{0} értesítésének szerkesztése</value>
        </data>
        <data name="ListPortletTitle" xml:space="preserve">
          <value>Értesítés lista</value>
        </data>
        <data name="MissingEmailAddressError" xml:space="preserve">
          <value>Állítsa be az e-mail címét a profiljában!</value>
        </data>
        <data name="NoSubscriptions" xml:space="preserve">
          <value>Jelenleg nincs feliratkozásod beállítva.</value>
        </data>
        <data name="ContentName" xml:space="preserve">
          <value>Tartalom neve</value>
        </data>
        <data name="ContentPath" xml:space="preserve">
          <value>Tartalomútvonal</value>
        </data>
        <data name="Frequency" xml:space="preserve">
          <value>Gyakoriság</value>
        </data>
        <data name="Actions" xml:space="preserve">
          <value>Műveletek</value>
        </data>
        <data name="NotEnoughPermissions" xml:space="preserve">
          <value>Nincs megfelelő jogosultsága a felhasználó értesítéseinek szerkesztéséhez</value>
        </data>
      </Language>
    </Languages>
  </ResourceClass>
</Resources>